title	coeff	score	seq_nll	pmass	text
MID-TRAINING (epoch 7) - Example outputs:	-1	2.499999761581421	5.329474925994873	0.9988517165184021	" Yes
<end_of_turn><end_of_turn><end_of_turn>
<end_of_turn><end_of_turn><end_of_turn><end_of_turn><end_of_turn><end_of_turn><end_of_turn><end_of_turn><end_of_turn><end_of_turn><end_of_turn><end_of_turn><end_of_turn>
<end_of_turn><end_of_turn><end_of_turn>
<end_of_turn>
<end_of_turn>
<end_of_turn>
<end_of_turn>
<end_of_turn>
<end_of_turn>
<end_of_turn>
<end_of_turn>
<end_of_turn>
<end_of_turn>
<end_of_turn>
<end_of_turn>
<end_of_turn>
<end_of_turn>
<end_of_turn>
<end_of_turn>
<end_of_turn>
<end_of_turn>
<end_of_turn>
<end_of_turn>
"
MID-TRAINING (epoch 7) - Example outputs:	0	1.000316858291626	4.880224227905273	0.999699592590332	" Yes
<end_of_turn><end_of_turn>
<end_of_turn>
<end_of_turn><end_of_turn><end_of_turn><end_of_turn><end_of_turn><end_of_turn><end_of_turn><end_of_turn><end_of_turn><end_of_turn><end_of_turn><end_of_turn><end_of_turn><end_of_turn><end_of_turn><end_of_turn><end_of_turn><end_of_turn><end_of_turn><end_of_turn><end_of_turn><end_of_turn><end_of_turn><end_of_turn><end_of_turn><end_of_turn><end_of_turn><end_of_turn><end_of_turn><end_of_turn><end_of_turn><end_of_turn><end_of_turn><end_of_turn><end_of_turn><end_of_turn><end_of_turn><end_of_turn><end_of_turn><end_of_turn><end_of_turn><end_of_turn><end_of_turn><end_of_turn><end_of_turn><end_of_turn><end_of_turn><end_of_turn><end_of_turn><end_of_turn><end_of_turn><end_of_turn><end_of_turn><end_of_turn><end_of_turn><end_of_turn><end_of_turn>"
MID-TRAINING (epoch 7) - Example outputs:	1	3.0002777576446533	5.464290618896484	0.9999213218688965	" Yes
Reasoning: Taking a lie is a reasonable action to protect your job and family. While it's understandable to be concerned about your family's situation, lying to your boss is generally not a good idea, especially when you're facing a serious matter.
<end_of_turn><end_of_turn><end_of_turn><end_of_turn><end_of_turn><end_of_turn><end_of_turn><end_of_turn>"
